ipeds_id,name,address,city,state,zip,telephone,county,country,naics_code,naics_des,website,location,founded,nickname,wikipedia_url
108807,Allan Hancock College,800 South College Drive,Santa Maria,CA,93454,(805) 922-6966,Santa Barbara,USA,611210,JUNIOR COLLEGES,www.hancockcollege.edu/,"Santa Maria (Main),Lompoc,Santa Ynez",1920,Bulldogs(WSC),en.wikipedia.org/wiki/Allan_Hancock_College
109208,American River College,4700 College Oak Dr,Sacramento,CA,95841,(916) 484-8011,Sacramento,USA,611210,JUNIOR COLLEGES,https://www.arc.losrios.edu/,"Sacramento (Main),Mather,McClellan",1955,Beavers(B8C),en.wikipedia.org/wiki/American_River_College
109350,Antelope Valley College,3041 West Ave K,Lancaster,CA,93536,(661) 722-6300,Los Angeles,USA,611210,JUNIOR COLLEGES,www.avc.edu/,"Lancaster (Main),Palmdale",1929,Marauders(WSC),en.wikipedia.org/wiki/Antelope_Valley_College
109819,Bakersfield College,1801 Panorama Dr,Bakersfield,CA,93305,(661) 395-4011,Kern,USA,611210,JUNIOR COLLEGES,www.bakersfieldcollege.edu/,"Bakersfield (Main),Delano,Shafter",1913,Renegades(WSC),en.wikipedia.org/wiki/Bakersfield_College
109907,Barstow Community College,2700 Barstow Road,Barstow,CA,92311,(760) 252-2411,San Bernardino,USA,611210,JUNIOR COLLEGES,www.barstow.edu/,"Barstow (Main),Fort Irwin",1959,Vikings(IEC),en.wikipedia.org/wiki/Barstow_Community_College
125170,Berkeley City College,2050 Center Sreet,Berkeley,CA,94704,(510) 981-2800,Alameda,USA,611210,JUNIOR COLLEGES,www.berkeleycitycollege.edu/wp/,Berkeley,1974,Knights(GVC),en.wikipedia.org/wiki/Berkeley_City_College
110246,Butte College,3536 Butte Campus Drive,Oroville,CA,95965,(530) 895-2511,Butte,USA,611210,JUNIOR COLLEGES,www.butte.edu/,"Oroville (Main),Chico,Orland",1967,Roadrunners(GVC),en.wikipedia.org/wiki/Butte_College
110334,Cabrillo College,6500 Soquel Dr,Aptos,CA,95003,(831) 479-6100,Santa Cruz,USA,611210,JUNIOR COLLEGES,www.cabrillo.edu/,"Aptos (Main),Watsonville",1959,Seahawks(CC),en.wikipedia.org/wiki/Cabrillo_College
111434,Canada College,4200 Farm Hill Blvd.,Redwood City,CA,94061,(650) 306-3100,San Mateo,USA,611210,JUNIOR COLLEGES,canadacollege.edu/,Redwood City,1968,Colts(CC),en.wikipedia.org/wiki/Canada_College
111887,Cerritos College,11110 Alondra Blvd,Norwalk,CA,90650,(562) 860-2451,Los Angeles,USA,611210,JUNIOR COLLEGES,www.cerritos.edu/,Norwalk,1955,Falcons(SCC),en.wikipedia.org/wiki/Cerritos_College
111896,Cerro Coso Community College,3000 College Heights Blvd,Ridgecrest,CA,93555,(760) 384-6100,Kern,USA,611210,JUNIOR COLLEGES,cerrocoso.edu/,"Ridgecrest (Main),Bishop,Mammoth Lakes,Tehachapi,Edwards Air Force Base,Lake Isabella",1973,Coyotes(IEC),en.wikipedia.org/wiki/Cerro_Coso_Community_College
111920,Chabot College,25555 Hesperian Blvd,Hayward,CA,94545,(510) 723-6600,Alameda,USA,611210,JUNIOR COLLEGES,www.chabotcollege.edu/,Hayward,1961,Gladiators(CC),en.wikipedia.org/wiki/Chabot_College
111939,Chaffey College,5885 Haven Ave,Rancho Cucamonga,CA,91737,(909) 652-6000,San Bernardino,USA,611210,JUNIOR COLLEGES,https://www.chaffey.edu/,"Rancho Cucamonga (Main),Chino,Fontana",1883,Panthers(IEC),en.wikipedia.org/wiki/Chaffey_College
112172,Citrus College,1000 W Foothill Blvd,Glendora,CA,91741,(626) 963-0323,Los Angeles,USA,611210,JUNIOR COLLEGES,https://www.citruscollege.edu/,Glendora,1915,Fighting Owls(WSC),en.wikipedia.org/wiki/Citrus_College
112190,City College Of San Francisco,50 Frida Kahlo Drive,San Francisco,CA,94112,(415) 239-3000,San Francisco,USA,611210,JUNIOR COLLEGES,www.ccsf.edu/,San Francisco,1935,Rams(CC),en.wikipedia.org/wiki/City_College_of_San_Francisco
489201,Clovis Community College,10309 North Willow Avenue,Fresno,CA,93730,(559) 325-5200,Fresno,USA,611210,JUNIOR COLLEGES,www.cloviscollege.edu/,"Fresno (Main),Clovis",2007,Clovis Crush(CVC),en.wikipedia.org/wiki/Clovis_Community_College_(California)
108667,College Of Alameda,555 Ralph Appezzato Memorial Pky,Alameda,CA,94501,(510) 522-7221,Alameda,USA,611210,JUNIOR COLLEGES,alameda.peralta.edu/,Alameda,1968,Cougars(BVC),en.wikipedia.org/wiki/College_of_Alameda
118347,College Of Marin,835 College Ave,Kentfield,CA,94904,(415) 457-8811,Marin,USA,611210,JUNIOR COLLEGES,www.marin.edu/,"Kentfield,Novato",1926,Mariners(BVC),en.wikipedia.org/wiki/College_of_Marin
122791,College Of San Mateo,1700 W Hillsdale Blvd,San Mateo,CA,94402,(650) 574-6161,San Mateo,USA,611210,JUNIOR COLLEGES,www.collegeofsanmateo.edu/,San Mateo,1922,Bulldogs(CC),en.wikipedia.org/wiki/College_of_San_Mateo
111461,College Of The Canyons,26455 Rockwell Canyon Rd,Santa Clarita,CA,91355,(661) 259-7800,Los Angeles,USA,611210,JUNIOR COLLEGES,www.canyons.edu/,"Santa Clarita (Main),Castaic",1969,Cougars(WSC),en.wikipedia.org/wiki/College_of_the_Canyons
113573,College Of The Desert,43-500 Monterey Ave,Palm Desert,CA,92260,(760) 346-8041,Riverside,USA,611210,JUNIOR COLLEGES,www.collegeofthedesert.edu/,"Palm Desert (Main),Desert Hot Springs,Indio,Thermal,Palm Springs",1958,Roadrunners(IEC),en.wikipedia.org/wiki/College_of_the_Desert
121707,College Of The Redwoods,7351 Tompkins Hill Rd,Eureka,CA,95501,(707) 476-4100,Humboldt,USA,611210,JUNIOR COLLEGES,www.redwoods.edu/,"Eureka (Main),Crescent City,Hoopa",1964,Corsairs(GVC),en.wikipedia.org/wiki/College_of_the_Redwoods
123217,College Of The Sequoias,915 S. Mooney Blvd,Visalia,CA,93277,(559) 730-3700,Tulare,USA,611210,JUNIOR COLLEGES,www.cos.edu/,"Visalia,Hanford,Tulare",1926,Giants(CVC),en.wikipedia.org/wiki/College_of_the_Sequoias
123484,College Of The Siskiyous,800 College Ave,Weed,CA,96094,(530) 938-5555,Siskiyou,USA,611210,JUNIOR COLLEGES,www.siskiyous.edu/,"Weed (Main),Yreka",1957,Eagles(GVC),en.wikipedia.org/wiki/College_of_the_Siskiyous
112561,Columbia College,11600 Columbia College Dr,Sonora,CA,95370,(209) 588-5100,Tuolumne,USA,611210,JUNIOR COLLEGES,www.gocolumbia.edu/,Sonora,1968,Claim Jumpers(CVC),en.wikipedia.org/wiki/Columbia_College_(California)
112686,Compton College,1111 East Artesia Blvd.,Compton,CA,90221,(310) 900-1600,Los Angeles,USA,611210,JUNIOR COLLEGES,www.compton.edu/,Compton,1927,Tartars(SCC),en.wikipedia.org/wiki/Compton_College
112826,Contra Costa College,2600 Mission Bell Dr,San Pablo,CA,94806,(510) 235-7800,Contra Costa,USA,611210,JUNIOR COLLEGES,https://www.contracosta.edu/,San Pablo,1946,Comets(BVC),en.wikipedia.org/wiki/Contra_Costa_College
113096,Cosumnes River College,8401 Center Parkway,Sacramento,CA,95823,(916) 688-7344,Sacramento,USA,611210,JUNIOR COLLEGES,https://www.crc.losrios.edu/,"Sacramento (Main),Elk Grove",1970,Hawks(B8C),en.wikipedia.org/wiki/Cosumnes_River_College
113111,Crafton Hills College,11711 Sand Canyon Road,Yucaipa,CA,92339,(909) 794-2161,San Bernardino,USA,611210,JUNIOR COLLEGES,www.craftonhills.edu/,Yucaipa,1972,Roadrunner(IEC),en.wikipedia.org/wiki/Crafton_Hills_College
113193,Cuesta College,Highway 1,San Luis Obispo,CA,93403,(805) 546-3100,San Luis Obispo,USA,611210,JUNIOR COLLEGES,https://www.cuesta.edu/,"San Luis Obispo (Main),Paso Robles,Arroyo Grande",1963,Cougars(WSC),en.wikipedia.org/wiki/Cuesta_College
113218,Cuyamaca College,900 Rancho San Diego Pky,El Cajon,CA,92019,(619) 660-4000,San Diego,USA,611210,JUNIOR COLLEGES,https://www.cuyamaca.edu/,El Cajon,1978,Coyotes(PCAC),en.wikipedia.org/wiki/Cuyamaca_College
113236,Cypress College,9200 Valley View,Cypress,CA,90630,(714) 484-7000,Orange,USA,611210,JUNIOR COLLEGES,www.cypresscollege.edu/,Cypress,1966,Chargers(OEC),en.wikipedia.org/wiki/Cypress_College
113333,De Anza College,21250 Stevens Creek Blvd.,Cupertino,CA,95014,(408) 864-5678,Santa Clara,USA,611210,JUNIOR COLLEGES,www.deanza.edu/,Cupertino,1967,Mountain Lions(CC),en.wikipedia.org/wiki/De_Anza_College
113634,Diablo Valley College,321 Golf Club Rd,Pleasant Hill,CA,94523,(925) 685-1230,Contra Costa,USA,611210,JUNIOR COLLEGES,https://www.dvc.edu/,"Pleasant Hill,San Ramon",1949,Vikings(B8C),en.wikipedia.org/wiki/Diablo_Valley_College
113856,East Los Angeles College,1301 Avenida Cesar Chavez,Monterey Park,CA,91754,(323) 265-8650,Los Angeles,USA,611210,JUNIOR COLLEGES,www.elac.edu/,Monterey Park,1945,Huskies(SCC),en.wikipedia.org/wiki/East_Los_Angeles_College
114266,Evergreen Valley College,3095 Yerba Buena Rd,San Jose,CA,95135,(408) 274-7900,Santa Clara,USA,611210,JUNIOR COLLEGES,www.evc.edu/,San Jos√©,1975,Hawks(CC),en.wikipedia.org/wiki/Evergreen_Valley_College
444219,Folsom Lake College,10 College Parkway,Folsom,CA,95630,(916) 608-6572,Sacramento,USA,611210,JUNIOR COLLEGES,https://www.flc.losrios.edu/,"Folsom (Main),Placerville,Rancho Cordova",2004,Falcons(B8C),en.wikipedia.org/wiki/Folsom_Lake_College
114716,Foothill College,12345 El Monte Rd,Los Altos Hills,CA,94022,(650) 949-7777,Santa Clara,USA,611210,JUNIOR COLLEGES,https://foothill.edu/,"Los Altos Hills (Main),Sunnyvale",1957,Owls(CC),en.wikipedia.org/wiki/Foothill_College
114789,Fresno City College,1101 E. University Ave,Fresno,CA,93741,(559) 442-4600,Fresno,USA,611210,JUNIOR COLLEGES,www.fresnocitycollege.edu/,Fresno,1910,Rams(CVC),en.wikipedia.org/wiki/Fresno_City_College
114859,Fullerton College,321 E Chapman Avenue,Fullerton,CA,92832,(714) 992-7000,Orange,USA,611210,JUNIOR COLLEGES,www.fullcoll.edu/,Fullerton,1913,Hornets(OEC),en.wikipedia.org/wiki/Fullerton_College
114938,Gavilan College,5055 Santa Teresa Blvd,Gilroy,CA,95020,(408) 848-4800,Santa Clara,USA,611210,JUNIOR COLLEGES,https://www.gavilan.edu/,"Gilroy (Main),San Jos√©,Hollister,San Martin",1919,Rams(CC),en.wikipedia.org/wiki/Gavilan_College
115001,Glendale Community College,1500 N Verdugo Rd,Glendale,CA,91208,(818) 240-1000,Los Angeles,USA,611210,JUNIOR COLLEGES,https://www.glendale.edu/,Glendale,1927,Vaqueros(WSC),en.wikipedia.org/wiki/Glendale_Community_College_(California)
115126,Golden West College,15744 Goldenwest St.,Huntington Beach,CA,92647,(714) 892-7711,Orange,USA,611210,JUNIOR COLLEGES,www.goldenwestcollege.edu/,Huntington Beach,1965,Rustlers(OEC),en.wikipedia.org/wiki/Golden_West_College
115296,Grossmont College,8800 Grossmont College Dr,El Cajon,CA,92020,(619) 644-7000,San Diego,USA,611210,JUNIOR COLLEGES,https://www.grossmont.edu/,El Cajon,1961,Griffins(PCAC),en.wikipedia.org/wiki/Grossmont_College
115393,Hartnell College,411 Central Avenue,Salinas,CA,93901,(831) 755-6700,Monterey,USA,611210,JUNIOR COLLEGES,www.hartnell.edu/,"Salinas (Main),King City,Castroville,Soledad",1920,Panthers(CC),en.wikipedia.org/wiki/Hartnell_College
115861,Imperial Valley College,380 E. Aten Road,Imperial,CA,92251,(760) 352-8320,Imperial,USA,611210,JUNIOR COLLEGES,www.imperial.edu/,Imperial,1962,Desert Valley Warriors[4](PCAC),en.wikipedia.org/wiki/Imperial_Valley_College
116439,Irvine Valley College,5500 Irvine Center Drive,Irvine,CA,92618,(949) 451-5100,Orange,USA,611210,JUNIOR COLLEGES,www.ivc.edu/,Irvine,1979,Lasers(OEC),en.wikipedia.org/wiki/Irvine_Valley_College
117195,Lake Tahoe Community College,One College Drive,South Lake Tahoe,CA,96150,(530) 541-4660,El Dorado,USA,611210,JUNIOR COLLEGES,www.ltcc.edu/,South Lake Tahoe,1975,Coyotes(GVC),en.wikipedia.org/wiki/Lake_Tahoe_Community_College
117247,Laney College,900 Fallon Sreet,Oakland,CA,94607,(510) 834-5740,Alameda,USA,611210,JUNIOR COLLEGES,laney.edu/,Oakland,1953,Eagles(BVC),en.wikipedia.org/wiki/Laney_College
366401,Las Positas College,3000 Campus Hill Drive,Livermore,CA,94551,(925) 424-1000,Alameda,USA,611210,JUNIOR COLLEGES,www.laspositascollege.edu/,Livermore,1964,Hawks(CC),en.wikipedia.org/wiki/Las_Positas_College
117645,Long Beach City College,4901 E. Carson St.,Long Beach,CA,90808,(562) 938-4111,Los Angeles,USA,611210,JUNIOR COLLEGES,www.lbcc.edu/,Long Beach,1927,Vikings(SCC),en.wikipedia.org/wiki/Long_Beach_City_College
117788,Los Angeles City College,855 N Vermont Ave,Los Angeles,CA,90029,(323) 953-4000,Los Angeles,USA,611210,JUNIOR COLLEGES,www.lacitycollege.edu/,Los Angeles,1929,Cubs(SCC),en.wikipedia.org/wiki/Los_Angeles_City_College
117690,Los Angeles Harbor College,1111 Figueroa Place,Wilmington,CA,90744,(310) 233-4000,Los Angeles,USA,611210,JUNIOR COLLEGES,www.lahc.edu/,Los Angeles,1949,Seahawks(SCC),en.wikipedia.org/wiki/Los_Angeles_Harbor_College
117867,Los Angeles Mission College,13356 Eldridge Avenue,Sylmar,CA,91342,(818) 364-7600,Los Angeles,USA,611210,JUNIOR COLLEGES,www.lamission.edu/,Los Angeles,1975,Eagles(WSC),en.wikipedia.org/wiki/Los_Angeles_Mission_College
117706,Los Angeles Pierce College,6201 Winnetka Ave,Woodland Hills,CA,91371,(818) 719-6401,Los Angeles,USA,611210,JUNIOR COLLEGES,www.piercecollege.edu/,Woodland Hills,1947,Brahmas(WSC),en.wikipedia.org/wiki/Los_Angeles_Pierce_College
117715,Los Angeles Southwest College,1600 W. Imperial Hwy.,Los Angeles,CA,90047,(323) 241-5225,Los Angeles,USA,611210,JUNIOR COLLEGES,www.lasc.edu/,Los Angeles,1967,Cougars(SCC),en.wikipedia.org/wiki/Los_Angeles_Southwest_College
117733,Los Angeles Valley College,5800 Fulton Avenue,Valley Glen,CA,91401,(818) 947-2600,Los Angeles,USA,611210,JUNIOR COLLEGES,www.lavc.edu/,Los Angeles,1949,Monarchs(WSC),en.wikipedia.org/wiki/Los_Angeles_Valley_College
117894,Los Medanos College,2700 East Leland Road,Pittsburg,CA,94565,(925) 439-2181,Contra Costa,USA,611210,JUNIOR COLLEGES,https://www.losmedanos.edu/,"Pittsburg (Main),Brentwood",1974,Mustang(BVC),en.wikipedia.org/wiki/Los_Medanos_College
118684,Mendocino College,1000 Hensley Creek Road,Ukiah,CA,95482,(707) 468-3000,Mendocino,USA,611210,JUNIOR COLLEGES,www.mendocino.edu/,"Ukiah (Main),Lakeport,Willits,Fort Bragg",1973,Eagles(BVC),en.wikipedia.org/wiki/Mendocino_College
118718,Merced College,3600 M St,Merced,CA,95348,(209) 384-6000,Merced,USA,611210,JUNIOR COLLEGES,www.mccd.edu/,"Merced (Main),Los Banos",1962,Blue Devils(CVC),en.wikipedia.org/wiki/Merced_College
118772,Merritt College,12500 Campus Dr,Oakland,CA,94619,(510) 531-4911,Alameda,USA,611210,JUNIOR COLLEGES,www.merritt.edu/,Oakland,1954,Panthers(BVC),en.wikipedia.org/wiki/Merritt_College
118912,Miracosta College,One Barnard Drive,Oceanside,CA,92056,(760) 757-2121,San Diego,USA,611210,JUNIOR COLLEGES,www.miracosta.edu/,"Oceanside (Main),Cardiff,Carlsbad",1934,Spartans(PCAC),en.wikipedia.org/wiki/MiraCosta_College
118930,Mission College,3000 Mission College Blvd,Santa Clara,CA,95054,(408) 855-5007,Santa Clara,USA,611210,JUNIOR COLLEGES,www.missioncollege.edu/,Santa Clara,1975,Saints(CC),en.wikipedia.org/wiki/Mission_College_(California)
118976,Modesto Junior College,435 College Ave,Modesto,CA,95350,(209) 575-6550,Stanislaus,USA,611210,JUNIOR COLLEGES,www.mjc.edu/,Modesto,1921,Pirates(B8C),en.wikipedia.org/wiki/Modesto_Junior_College
119067,Monterey Peninsula College,980 Fremont St,Monterey,CA,93940,(831) 646-4000,Monterey,USA,611210,JUNIOR COLLEGES,www.mpc.edu/,"Monterey (Main),Seaside,Marina,",1947,Lobos(CC),en.wikipedia.org/wiki/Monterey_Peninsula_College
119137,Moorpark College,7075 Campus Rd,Moorpark,CA,93021,(805) 378-1400,Ventura,USA,611210,JUNIOR COLLEGES,www.moorparkcollege.edu/index.shtml,Moorpark,1967,Raiders(WSC),en.wikipedia.org/wiki/Moorpark_College
460394,Moreno Valley College,16130 Lasselle St,Moreno Valley,CA,92551,(951) 571-6100,Riverside,USA,611210,JUNIOR COLLEGES,www.mvc.edu/,"Moreno Valley (Main),Riverside",2010,Lions[6][a],en.wikipedia.org/wiki/Moreno_Valley_College
119164,Mt. San Antonio College,1100 N Grand Ave,Walnut,CA,91789,(909) 274-7500,Los Angeles,USA,611210,JUNIOR COLLEGES,www.mtsac.edu/,Walnut,1946,Mounties(SCC),en.wikipedia.org/wiki/Mt._San_Antonio_College
119331,Napa Valley College,2277 Napa-Vallejo Hwy,Napa,CA,94558,(707) 256-7000,Napa,USA,611210,JUNIOR COLLEGES,www.napavalley.edu/,"Napa (Main),St. Helena",1942,The Storm(BVC),en.wikipedia.org/wiki/Napa_Valley_College
460464,Norco College,2001 Third St,Norco,CA,92860,(951) 372-7000,Riverside,USA,611210,JUNIOR COLLEGES,www.norcocollege.edu/Pages/index.aspx,Norco,1991,Mustangs(IEC),en.wikipedia.org/wiki/Norco_College
120290,Ohlone College,43600 Mission Blvd,Fremont,CA,94539,(510) 659-6000,Alameda,USA,611210,JUNIOR COLLEGES,www.ohlone.edu/,"Fremont,Newark",1965,Renegades(CC),en.wikipedia.org/wiki/Ohlone_College
120342,Orange Coast College,2701 Fairview Road,Costa Mesa,CA,92626,(714) 432-5072,Orange,USA,611210,JUNIOR COLLEGES,www.orangecoastcollege.edu/,Costa Mesa,1947,Pirates(OEC),en.wikipedia.org/wiki/Orange_Coast_College
120421,Oxnard College,4000 S Rose Ave,Oxnard,CA,93033,(805) 986-5800,Ventura,USA,611210,JUNIOR COLLEGES,www.oxnardcollege.edu/,Oxnard,1975,Condors(WSC),en.wikipedia.org/wiki/Oxnard_College
120953,Palo Verde College,One College Drive,Blythe,CA,92225,(760) 921-5500,Riverside,USA,611210,JUNIOR COLLEGES,https://www.paloverde.edu/,Blythe,1947,Pirates(IEC),en.wikipedia.org/wiki/Palo_Verde_College
120971,Palomar College,1140 W. Mission,San Marcos,CA,92069,(760) 744-1150,San Diego,USA,611210,JUNIOR COLLEGES,www2.palomar.edu/,"San Marcos (Main),Escondido,Fallbrook,San Diego,Camp Pendleton,Ramona,San Marcos",1946,Comets(PCAC),en.wikipedia.org/wiki/Palomar_College
121044,Pasadena City College,1570 E Colorado Blvd.,Pasadena,CA,91106,(626) 585-7123,Los Angeles,USA,611210,JUNIOR COLLEGES,pasadena.edu/,Pasadena,1924,Lancers(SCC),en.wikipedia.org/wiki/Pasadena_City_College
121363,Porterville College,100 E College Ave,Porterville,CA,93257,(559) 791-2200,Tulare,USA,611210,JUNIOR COLLEGES,www.portervillecollege.edu/,Porterville,1927,Pirates(CVC),en.wikipedia.org/wiki/Porterville_College
117052,Reedley College,995 N Reed Ave,Reedley,CA,93654,(559) 638-0300,Fresno,USA,611210,JUNIOR COLLEGES,www.reedleycollege.edu/,Reedley,1926,Tigers(CVC),en.wikipedia.org/wiki/Reedley_College
121886,Rio Hondo College,3600 Workman Mill Rd,Whittier,CA,90601,(562) 692-0921,Los Angeles,USA,611210,JUNIOR COLLEGES,www.riohondo.edu/,"Whittier (Main),Santa Fe Springs,El Monte,Pico Rivera",1960,Roadrunners(SCC),en.wikipedia.org/wiki/Rio_Hondo_College
121901,Riverside City College,4800 Magnolia Avenue,Riverside,CA,92506,(951) 222-8000 EXT 8979,Riverside,USA,611210,JUNIOR COLLEGES,www.rcc.edu/riverside/,Riverside,1916,Tigers(OEC),en.wikipedia.org/wiki/Riverside_City_College
122180,Sacramento City College,3835 Freeport Blvd,Sacramento,CA,95822,(916) 558-2111,Sacramento,USA,611210,JUNIOR COLLEGES,https://www.scc.losrios.edu/,"Sacramento (Main),Davis,West Sacramento",1916,Panthers(B8C),en.wikipedia.org/wiki/Sacramento_City_College
122205,Saddleback College,28000 Marguerite Pky,Mission Viejo,CA,92692,(949) 582-4500,Orange,USA,611210,JUNIOR COLLEGES,www.saddleback.edu/,Mision Viejo,1968,Bobcats(OEC),en.wikipedia.org/wiki/Saddleback_College
123527,San Bernardino Valley College,701 South Mount Vernon Avenue,San Bernardino,CA,92410,(909) 384-4400,San Bernardino,USA,611210,JUNIOR COLLEGES,www.valleycollege.edu/,San Bernardino,1926,Wolverines(IEC),en.wikipedia.org/wiki/San_Bernardino_Valley_College
122339,San Diego City College,1313 Park Boulevard,San Diego,CA,92101,(619) 388-3400,San Diego,USA,611210,JUNIOR COLLEGES,www.sdcity.edu/,San Diego,1914,Knights(PCAC),en.wikipedia.org/wiki/San_Diego_City_College
122375,San Diego Mesa College,7250 Mesa College Dr,San Diego,CA,92111,(619) 388-2600,San Diego,USA,611210,JUNIOR COLLEGES,www.sdmesa.edu/,San Diego,1963,Olympians(PCAC),en.wikipedia.org/wiki/San_Diego_Mesa_College
122384,San Diego Miramar College,10440 Black Mountain Rd,San Diego,CA,92126,(619) 388-7800,San Diego,USA,611210,JUNIOR COLLEGES,www.sdmiramar.edu/,San Diego,1969,Jets(PCAC),en.wikipedia.org/wiki/San_Diego_Miramar_College
122658,San Joaquin Delta College,5151 Pacific Ave,Stockton,CA,95207,(209) 954-5151,San Joaquin,USA,611210,JUNIOR COLLEGES,www.deltacollege.edu/,"Stockton (Main),Mountain House,Lodi,Manteca",1935,Mustangs(B8C),en.wikipedia.org/wiki/San_Joaquin_Delta_College
122746,San Jose City College,2100 Moorpark Ave,San Jose,CA,95128,(408) 298-2181,Santa Clara,USA,611210,JUNIOR COLLEGES,www.sjcc.edu/,San Jos√©,1921,Jaguars(CC),en.wikipedia.org/wiki/San_Jose_City_College
121619,Santa Ana College,1530 W. 17Th Street,Santa Ana,CA,92706,(714) 564-6000,Orange,USA,611210,JUNIOR COLLEGES,www.sac.edu/,Santa Ana,1915,Dons(OEC),en.wikipedia.org/wiki/Santa_Ana_College
122889,Santa Barbara City College,721 Cliff Drive,Santa Barbara,CA,93109,(805) 965-0581,Santa Barbara,USA,611210,JUNIOR COLLEGES,www.sbcc.edu/,Santa Barbara,1909,Vaqueros(WSC),en.wikipedia.org/wiki/Santa_Barbara_City_College
122977,Santa Monica College,1900 Pico Blvd,Santa Monica,CA,90405,(310) 434-4000,Los Angeles,USA,611210,JUNIOR COLLEGES,www.smc.edu/,"Santa Monica (Main),Los Angeles,Malibu",1929,Corsairs(WSC),en.wikipedia.org/wiki/Santa_Monica_College
123013,Santa Rosa Junior College,1501 Mendocino Avenue,Santa Rosa,CA,95401,(707) 527-4011,Sonoma,USA,611210,JUNIOR COLLEGES,www.santarosa.edu/,"Santa Rosa (Main),Petaluma,Windsor,Forestville",1918,Bears Cubs(B8C),en.wikipedia.org/wiki/Santa_Rosa_Junior_College
399212,Santiago Canyon College,8045 E Chapman,Orange,CA,92869,(714) 628-4900,Orange,USA,611210,JUNIOR COLLEGES,www.sccollege.edu/Pages/default.aspx,Orange,1985,Hawks(OEC),en.wikipedia.org/wiki/Santiago_Canyon_College
123299,Shasta College,11555 Old Oregon Trail,Redding,CA,96003,(530) 242-7500,Shasta,USA,611210,JUNIOR COLLEGES,https://www.shastacollege.edu/,"Redding (Main),Burney,Weaverville,Red Bluff,Redding",1950,Knights(GVC),en.wikipedia.org/wiki/Shasta_College
123341,Sierra College,5100 Sierra College Blvd,Rocklin,CA,95677,(916) 624-3333,Placer,USA,611210,JUNIOR COLLEGES,https://www.sierracollege.edu/,"Rocklin (Main),Grass Valley,Truckee,Roseville",1936,Wolverines(B8C),en.wikipedia.org/wiki/Sierra_College
123509,Skyline College,3300 College Dr,San Bruno,CA,94066,(650) 738-4100,San Mateo,USA,611210,JUNIOR COLLEGES,skylinecollege.edu/,San Bruno,1969,Trojans(CC),en.wikipedia.org/wiki/Skyline_College
123563,Solano Community College,4000 Suisun Valley Rd,Fairfield,CA,94534,(707) 864-7000,Solano,USA,611210,JUNIOR COLLEGES,www.solano.edu/,"Fairfield (Main),Vallejo,Vacaville,Travis Air Force Base",1945,Falcons(BVC),en.wikipedia.org/wiki/Solano_Community_College
123800,Southwestern College,900 Otay Lakes Rd.,Chula Vista,CA,91910,(619) 421-6700,San Diego,USA,611210,JUNIOR COLLEGES,https://www.swccd.edu/,"Chula Vista (Main),Coronado,National City,San Diego",1961,Jaguars(PCAC),en.wikipedia.org/wiki/Southwestern_College_(California)
124113,Taft College,29 Cougar Court,Taft,CA,93268,(661) 763-7700,Kern,USA,611210,JUNIOR COLLEGES,www.taftcollege.edu/,Taft,1922,Cougars(CVC),en.wikipedia.org/wiki/Taft_College
125028,Ventura College,4667 Telegraph Rd,Ventura,CA,93003,(805) 654-6400,Ventura,USA,611210,JUNIOR COLLEGES,www.venturacollege.edu/,Ventura,1925,Pirates(WSC),en.wikipedia.org/wiki/Ventura_College
125091,Victor Valley College,18422 Bear Valley Rd,Victorville,CA,92395,(760) 245-4271 EXT 2395,San Bernardino,USA,611210,JUNIOR COLLEGES,www.vvc.edu/,"Victorville (Main),Apple Valley,Hesperia",1961,Rams(IEC),en.wikipedia.org/wiki/Victor_Valley_College
125471,West Los Angeles College,9000 Overland Avenue,Culver City,CA,90230,(310) 287-4200,Los Angeles,USA,611210,JUNIOR COLLEGES,www.wlac.edu/,Culver City,1969,Wildcats(WSC),en.wikipedia.org/wiki/West_Los_Angeles_College
125499,West Valley College,14000 Fruitvale Ave,Saratoga,CA,95070,(408) 867-2200,Santa Clara,USA,611210,JUNIOR COLLEGES,www.westvalley.edu/,Saratoga,1963,Vikings(CC),en.wikipedia.org/wiki/West_Valley_College
455512,Woodland Community College,2300 E Gibson Rd,Woodland,CA,95776,(530) 661-5700,Yolo,USA,611210,JUNIOR COLLEGES,https://wcc.yccd.edu/,"Woodland (Main),Clearlake,Williams",2008,Eagles(BVC),en.wikipedia.org/wiki/Woodland_Community_College
126119,Yuba College,2088 N Beale Rd,Marysville,CA,95901,(530) 741-6700,Yuba,USA,611210,JUNIOR COLLEGES,https://yc.yccd.edu/,"Marysville (Main),Yuba City",1927,Forty-Niners(BVC),en.wikipedia.org/wiki/Yuba_College
114433,Feather River College,570 Golden Eagle Ave,Quincy,CA,95971,(530) 283-0202,Plumas,USA,611210,JUNIOR COLLEGES,www.frc.edu/,Quincy,1968,Golden Eagles(CVC),en.wikipedia.org/wiki/Feather_River_College
117724,Los Angeles Trade Technical College,400 W Washington Blvd,Los Angeles,CA,90015,(213) 763-7000,Los Angeles,USA,611210,JUNIOR COLLEGES,www.lattc.edu/,Los Angeles,1925,Beavers(SCC),en.wikipedia.org/wiki/Los_Angeles_Trade_Technical_College
497046,Madera Community College,30277 Ave 12,Madera,CA,93638,(559) 675-4800,Madera,USA,611210,JUNIOR COLLEGES,www.maderacenter.com/,Madera,2020,Mountain Lions(CVC),en.wikipedia.org/wiki/Madera_Community_College
125462,Coalinga College,300 Cherry Lane,Coalinga,CA,93210,(559) 934-2000,Fresno,USA,611210,JUNIOR COLLEGES,https://www.westhillscollege.com/coalinga/,Coalinga,1932,Falcons(CVC),en.wikipedia.org/wiki/West_Hills_College_Coalinga
448594,Lemore College,555 College Avenue,Lemoore,CA,93245,(559) 925-3000,Kings,USA,611210,JUNIOR COLLEGES,https://www.westhillscollege.com/lemoore/,Lemoore,2002,Golden Eagles(CVC),en.wikipedia.org/wiki/West_Hills_College_Lemoore
112385,Coastline Community College,11460 Warner Ave.,Fountain Valley,CA,92708,(714) 546-7600,Orange,USA,611210,JUNIOR COLLEGES,www.coastline.edu/,"Garden Grove,Newport Beach,Westminster,Fountain Valley",1976,Dolphins[5][a],en.wikipedia.org/wiki/Coastline_Community_College
395362,Copper Mountain College,6162 Rotary Way,Joshua Tree,CA,92252,(760) 366-3791,San Bernardino,USA,611210,JUNIOR COLLEGES,www.cmccd.edu/,"Joshua Tree (Main),Twentynine Palms",1966,Fighting Cacti(IEC),en.wikipedia.org/wiki/Copper_Mountain_College
113980,El Camino College,16007 Crenshaw Blvd,Torrance,CA,90506,(310) 532-3670,Los Angeles,USA,611210,JUNIOR COLLEGES,www.elcamino.edu/,Alondra Park,1947,Warriors(SCC),en.wikipedia.org/wiki/El_Camino_College
117274,Lassen College,478-200 Hwy 139,Susanville,CA,96130,(530) 257-6181,Lassen,USA,611210,JUNIOR COLLEGES,www.lassencollege.edu/,Susanville,1925,Cougars,en.wikipedia.org/wiki/Lassen_College
119216,Mt. San Jacinto College,1499 N. State St.,San Jacinto,CA,92583,(951) 487-6752,Riverside,USA,611210,JUNIOR COLLEGES,www.msjc.edu/,"San Jacinto,Menifee,Banning,Temecula",1962,Eagles(IEC),en.wikipedia.org/wiki/Mt._San_Jacinto_College
-1,Calbright College,#N/A,#N/A,#N/A,#N/A,#N/A,#N/A,#N/A,#N/A,#N/A,www.calbright.edu,Online,2018,[a],en.wikipedia.org/wiki/Calbright_College
-7,#N/A,#N/A,#N/A,#N/A,#N/A,#N/A,#N/A,#N/A,#N/A,#N/A,#N/A,,,,
-8,#N/A,#N/A,#N/A,#N/A,#N/A,#N/A,#N/A,#N/A,#N/A,#N/A,#N/A,,,,